year,state,candidate,party_simplified,candidatevotes,totalvotes,vote_pct,margin
2000,ALABAMA,"BUSH, GEORGE W.",REPUBLICAN,941173,1666272,56.48375535326765,
2000,ALABAMA,"GORE, AL",DEMOCRAT,692611,1666272,41.56650294789806,14.917252405369595
2000,ALASKA,"BUSH, GEORGE W.",REPUBLICAN,167398,285560,58.620955315870575,
2000,ALASKA,"GORE, AL",DEMOCRAT,79004,285560,27.666339823504693,30.95461549236588
2000,ARIZONA,"BUSH, GEORGE W.",REPUBLICAN,781652,1532016,51.02113816043696,
2000,ARIZONA,"GORE, AL",DEMOCRAT,685341,1532016,44.73458501738885,6.28655314304811
2000,ARKANSAS,"BUSH, GEORGE W.",REPUBLICAN,472940,921781,51.30719769663293,
2000,ARKANSAS,"GORE, AL",DEMOCRAT,422768,921781,45.86425626043496,5.4429414361979696
2000,CALIFORNIA,"BUSH, GEORGE W.",REPUBLICAN,4567429,10965822,41.651496805255455,
2000,CALIFORNIA,"GORE, AL",DEMOCRAT,5861203,10965822,53.44973682775446,11.798240022499002
2000,COLORADO,"BUSH, GEORGE W.",REPUBLICAN,883748,1741368,50.7502147736722,
2000,COLORADO,"GORE, AL",DEMOCRAT,738227,1741368,42.39350901130605,8.356705762366147
2000,CONNECTICUT,"BUSH, GEORGE W.",REPUBLICAN,561094,1459525,38.4436032270773,
2000,CONNECTICUT,"GORE, AL",DEMOCRAT,816015,1459525,55.909628132440346,17.46602490536305
2000,DELAWARE,"BUSH, GEORGE W.",REPUBLICAN,137288,327529,41.91628832866708,
2000,DELAWARE,"GORE, AL",DEMOCRAT,180068,327529,54.9777271630909,13.061438834423823
2000,DISTRICT OF COLUMBIA,"BUSH, GEORGE W.",REPUBLICAN,18073,201894,8.951727143946824,
2000,DISTRICT OF COLUMBIA,"GORE, AL",DEMOCRAT,171923,201894,85.15508137933767,76.20335423539085
2000,FLORIDA,"BUSH, GEORGE W.",REPUBLICAN,2912790,5963110,48.84682657204043,
2000,FLORIDA,"GORE, AL",DEMOCRAT,2912253,5963110,48.83782120403615,0.0090053680042814
2000,GEORGIA,"BUSH, GEORGE W.",REPUBLICAN,1419720,2583208,54.95956965137921,
2000,GEORGIA,"GORE, AL",DEMOCRAT,1116230,2583208,43.21099965624139,11.74856999513782
2000,HAWAII,"BUSH, GEORGE W.",REPUBLICAN,137845,367951,37.46286869719066,
2000,HAWAII,"GORE, AL",DEMOCRAT,205286,367951,55.791667912303545,18.328799215112888
2000,IDAHO,"BUSH, GEORGE W.",REPUBLICAN,336937,501615,67.17043948047807,
2000,IDAHO,"GORE, AL",DEMOCRAT,138637,501615,27.638128843834416,39.53231063664365
2000,ILLINOIS,"BUSH, GEORGE W.",REPUBLICAN,2019421,4742108,42.58487997321023,
2000,ILLINOIS,"GORE, AL",DEMOCRAT,2589026,4742108,54.59652120955491,12.01164123634468
2000,INDIANA,"BUSH, GEORGE W.",REPUBLICAN,1245836,2199302,56.6468816015263,
2000,INDIANA,"GORE, AL",DEMOCRAT,901980,2199302,41.01210293083896,15.63477867068734
2000,IOWA,"BUSH, GEORGE W.",REPUBLICAN,634373,1353022,46.88563822317745,
2000,IOWA,"GORE, AL",DEMOCRAT,638517,1353022,47.19191557860848,0.3062773554310283
2000,KANSAS,"BUSH, GEORGE W.",REPUBLICAN,622332,1072216,58.0416632469577,
2000,KANSAS,"GORE, AL",DEMOCRAT,399276,1072216,37.23839226424526,20.803270982712437
2000,KENTUCKY,"BUSH, GEORGE W.",REPUBLICAN,872520,1544106,56.5064833631888,
2000,KENTUCKY,"GORE, AL",DEMOCRAT,638923,1544106,41.37818258591055,15.128300777278248
2000,LOUISIANA,"BUSH, GEORGE W.",REPUBLICAN,927871,1765656,52.551063174253656,
2000,LOUISIANA,"GORE, AL",DEMOCRAT,792344,1765656,44.87533245433992,7.675730719913737
2000,MAINE,"BUSH, GEORGE W.",REPUBLICAN,286616,651817,43.971850994987854,
2000,MAINE,"GORE, AL",DEMOCRAT,319951,651817,49.08601647394898,5.114165478961127
2000,MARYLAND,"BUSH, GEORGE W.",REPUBLICAN,813827,2025212,40.18478065506228,
2000,MARYLAND,"GORE, AL",DEMOCRAT,1144008,2025212,56.488308384504926,16.303527729442642
2000,MASSACHUSETTS,"BUSH, GEORGE W.",REPUBLICAN,878502,2733964,32.13290299360197,
2000,MASSACHUSETTS,"GORE, AL",DEMOCRAT,1616487,2733964,59.12612602067912,26.99322302707716
2000,MICHIGAN,"BUSH, GEORGE W.",REPUBLICAN,1953139,4232501,46.14621473214064,
2000,MICHIGAN,"GORE, AL",DEMOCRAT,2170418,4232501,51.27979887069135,5.1335841385507095
2000,MINNESOTA,"BUSH, GEORGE W.",REPUBLICAN,1109659,2438685,45.502350652093234,
2000,MINNESOTA,"GORE, AL",DEMOCRAT,1168266,2438685,47.9055720603522,2.4032214082589647
2000,MISSISSIPPI,"BUSH, GEORGE W.",REPUBLICAN,572844,994184,57.61951509982056,
2000,MISSISSIPPI,"GORE, AL",DEMOCRAT,404614,994184,40.69810015047516,16.921414949345397
2000,MISSOURI,"BUSH, GEORGE W.",REPUBLICAN,1189924,2359892,50.42281595937441,
2000,MISSOURI,"GORE, AL",DEMOCRAT,1111138,2359892,47.08427334810237,3.33854261127204
2000,MONTANA,"BUSH, GEORGE W.",REPUBLICAN,240178,410986,58.4394602249225,
2000,MONTANA,"GORE, AL",DEMOCRAT,137126,410986,33.36512679264014,25.07433343228236
2000,NEBRASKA,"BUSH, GEORGE W.",REPUBLICAN,433862,697019,62.245362034607375,
2000,NEBRASKA,"GORE, AL",DEMOCRAT,231780,697019,33.25303901328371,28.992323021323664
2000,NEVADA,"BUSH, GEORGE W.",REPUBLICAN,301575,609426,49.485089247915255,
2000,NEVADA,"GORE, AL",DEMOCRAT,279978,609426,45.94126276200884,3.543826485906415
2000,NEW HAMPSHIRE,"BUSH, GEORGE W.",REPUBLICAN,273559,569081,48.07030985044308,
2000,NEW HAMPSHIRE,"GORE, AL",DEMOCRAT,266348,569081,46.80317916078731,1.2671306896557724
2000,NEW JERSEY,"BUSH, GEORGE W.",REPUBLICAN,1284173,3187226,40.29124385907997,
2000,NEW JERSEY,"GORE, AL",DEMOCRAT,1788850,3187226,56.12560891508792,15.834365056007954
2000,NEW MEXICO,"BUSH, GEORGE W.",REPUBLICAN,286417,598605,47.84741189933261,
2000,NEW MEXICO,"GORE, AL",DEMOCRAT,286783,598605,47.908554054844174,0.0611421555115612
2000,NEW YORK,"BUSH, GEORGE W.",REPUBLICAN,2258577,6960215,32.44981656457451,
2000,NEW YORK,"GORE, AL",DEMOCRAT,3942215,6960215,56.63927048230551,24.189453917730997
2000,NORTH CAROLINA,"BUSH, GEORGE W.",REPUBLICAN,1631163,2914990,55.9577562873286,
2000,NORTH CAROLINA,"GORE, AL",DEMOCRAT,1257692,2914990,43.14567116868325,12.81208511864535
2000,NORTH DAKOTA,"BUSH, GEORGE W.",REPUBLICAN,174852,288256,60.65858126110124,
2000,NORTH DAKOTA,"GORE, AL",DEMOCRAT,95284,288256,33.05533969804618,27.603241563055057
2000,OHIO,"BUSH, GEORGE W.",REPUBLICAN,2350363,4701998,49.98647383516539,
2000,OHIO,"GORE, AL",DEMOCRAT,2183628,4701998,46.44042809035648,3.5460457448089078
2000,OKLAHOMA,"BUSH, GEORGE W.",REPUBLICAN,744337,1234229,60.30785210848229,
2000,OKLAHOMA,"GORE, AL",DEMOCRAT,474276,1234229,38.4269045695734,21.8809475389089
2000,OREGON,"BUSH, GEORGE W.",REPUBLICAN,713577,1533950,46.51892173799668,
2000,OREGON,"GORE, AL",DEMOCRAT,720342,1533950,46.95994002412073,0.4410182861240557
2000,PENNSYLVANIA,"BUSH, GEORGE W.",REPUBLICAN,2281127,4912185,46.43813292862545,
2000,PENNSYLVANIA,"GORE, AL",DEMOCRAT,2485967,4912185,50.60817131276612,4.170038384140668
2000,RHODE ISLAND,"BUSH, GEORGE W.",REPUBLICAN,130555,409112,31.911799213907194,
2000,RHODE ISLAND,"GORE, AL",DEMOCRAT,249508,409112,60.9877001896791,29.07590097577191
2000,SOUTH CAROLINA,"BUSH, GEORGE W.",REPUBLICAN,786892,1383902,56.86038462261056,
2000,SOUTH CAROLINA,"GORE, AL",DEMOCRAT,566037,1383902,40.9015233737649,15.958861248845658
2000,SOUTH DAKOTA,"BUSH, GEORGE W.",REPUBLICAN,190700,316269,60.29677268401266,
2000,SOUTH DAKOTA,"GORE, AL",DEMOCRAT,118804,316269,37.56422539041132,22.732547293601336
2000,TENNESSEE,"BUSH, GEORGE W.",REPUBLICAN,1061949,2076181,51.14915318076796,
2000,TENNESSEE,"GORE, AL",DEMOCRAT,981720,2076181,47.28489471775341,3.864258463014551
2000,TEXAS,"BUSH, GEORGE W.",REPUBLICAN,3799639,6407637,59.298599468103454,
2000,TEXAS,"GORE, AL",DEMOCRAT,2433746,6407637,37.981958091571045,21.31664137653241
2000,UTAH,"BUSH, GEORGE W.",REPUBLICAN,515096,770754,66.83014295092858,
2000,UTAH,"GORE, AL",DEMOCRAT,203053,770754,26.34472218113692,40.48542076979166
2000,VERMONT,"BUSH, GEORGE W.",REPUBLICAN,119775,294308,40.69716079753184,
2000,VERMONT,"GORE, AL",DEMOCRAT,149022,294308,50.63470921619528,9.937548418663448
2000,VIRGINIA,"BUSH, GEORGE W.",REPUBLICAN,1437490,2739447,52.47372918694905,
2000,VIRGINIA,"GORE, AL",DEMOCRAT,1217290,2739447,44.43561054475593,8.038118642193119
2000,WASHINGTON,"BUSH, GEORGE W.",REPUBLICAN,1108864,2487433,44.5786479475025,
2000,WASHINGTON,"GORE, AL",DEMOCRAT,1247652,2487433,50.158215316754266,5.579567369251762
2000,WEST VIRGINIA,"BUSH, GEORGE W.",REPUBLICAN,336475,648124,51.91521992705099,
2000,WEST VIRGINIA,"GORE, AL",DEMOCRAT,295497,648124,45.59266436669526,6.322555560355731
2000,WISCONSIN,"BUSH, GEORGE W.",REPUBLICAN,1237279,2598607,47.613163514144304,
2000,WISCONSIN,"GORE, AL",DEMOCRAT,1242987,2598607,47.83281966068744,0.2196561465431301
2000,WYOMING,"BUSH, GEORGE W.",REPUBLICAN,147947,213726,69.22274313841086,
2000,WYOMING,"GORE, AL",DEMOCRAT,60481,213726,28.298382040556604,40.92436109785426
